links,titles
162567322,今日galgame基金
162400728,今日galgame基金
162184521,今日galgame基金
161845638,今日galgame基金
161650028,今日galgame基金
161583861,今日galgame基金
161522676,今日galgame基金
161451835,今日galgame基金
161398829,今日galgame基金
161339972,今日galgame基金
161265825,今日galgame基金
161200743,今日galgame基金
161143955,今日galgame基金
161079548,今日galgame基金
161011027,今日galgame基金
160953691,存储的造假与恢复及今日的galgame基金
160880264,今日galgame基金
160807252,今日galgame基金
160737392,今日galgame基金
160672379,Galgame Fund Today
160593281,今日galgame基金
160524583,今日galgame基金
160449724,今日galgame基金
160374859,今日galgame基金
160302263,今日galgame基金
160229831,今日galgame基金
160156657,今日galgame基金
160087804,今日galgame基金
160012178,今日galgame基金
159940496,今日galgame基金 还能发出去吗？
159858269,今日galgame基金
159760405,今日galgame基金
159659660,今日galgame基金
159560521,今日0721基金
159493250,今日galgame基金
159424460,今日galgame基金
159362686,今日galgame基金
159290205,今日galgame基金
159220063,今日galgame基金
159148365,今日galgame基金
159068246,今日galgame基金
158974013,今日galgame基金
158908839,今日galgame基金
158842607,今日galgame基金
158770031,今日galgame基金
158666537,今日galgame基金
158577422,今日galgame基金
158507939,今日galgame基金
158423702,今日galgame基金
158352505,今日galgame基金
158241736,今日galgame基金
158192992,今日galgame基金
158115676,今日galgame基金
158018668,今日galgame基金
157946829,今日galgame基金
157876882,今日galgame基金
157805989,今日galgame基金
157728552,今日galgame基金
157653809,今日galgame基金
157575078,今日galgame梦想基金
157510073,每日galgame梦想基金
